alpha,beta,first_bifurcation,second_bifurcation,third_bifurcation,fourth_bifurcation,first_hopf_bifurcation,second_hopf_bifurcation
0.62,0.64,-4.35,-1.37,-0.55,2.42,-1.6,-0.33
0.38,0.74,-3.6,-0.73,-0.29,2.58,-0.91,-0.11
0.57,0.97,-3.28,-0.59,-0.58,0.42,-0.66,-0.5
0.89,0.9,-3.77,-1.03,-0.94,1.8,-1.14,-0.83
0.57,0.78,-3.72,-0.89,-0.56,2.27,-1.06,-0.4
0.82,0.98,-3.52,-0.84,-0.83,0.49,-0.9,-0.76
0.4,0.6,-4.2,-1.17,-0.16,2.88,-1.41,0.08
0.65,0.79,-3.79,-0.97,-0.66,2.16,-1.13,-0.51
0.86,0.92,-3.69,-0.96,-0.9,0.82,-1.06,-0.8
0.84,0.86,-3.82,-1.05,-0.89,1.88,-1.18,-0.77
0.42,0.51,-4.81,-1.61,-0.03,3.17,-1.9,0.26
0.46,0.63,-4.15,-1.16,-0.29,2.7,-1.39,-0.06
0.99,1.0,-3.65,-0.99,-0.98,0.98,-1.04,-0.92
0.95,0.98,-3.65,-0.97,-0.96,0.56,-1.04,-0.89
0.48,0.81,-3.52,-0.72,-0.46,2.35,-0.86,-0.31
0.88,0.89,-3.78,-1.04,-0.93,1.82,-1.15,-0.82
0.51,0.9,-3.35,-0.61,-0.52,2.23,-0.71,-0.41
0.67,0.84,-3.67,-0.89,-0.7,2.09,-1.02,-0.56
0.75,0.94,-3.53,-0.81,-0.77,0.57,-0.91,-0.68
0.93,1.0,-3.59,-0.93,-0.92,0.92,-0.98,-0.86
0.34,0.53,-4.51,-1.35,0.08,3.24,-1.63,0.36
0.95,0.98,-3.65,-0.97,-0.96,0.56,-1.04,-0.89
0.45,0.97,-3.16,-0.47,-0.45,0.37,-0.54,-0.38
0.82,0.9,-3.69,-0.95,-0.86,1.88,-1.06,-0.75
0.7,0.71,-4.15,-1.25,-0.71,2.19,-1.44,-0.52
0.37,0.95,-3.11,-0.4,-0.37,0.37,-0.48,-0.29
0.82,0.93,-3.62,-0.9,-0.85,0.74,-1.0,-0.76
0.4,0.66,-3.92,-0.97,-0.23,2.72,-1.18,-0.02
0.69,0.89,-3.57,-0.82,-0.72,2.03,-0.94,-0.6
0.62,0.86,-3.56,-0.79,-0.64,2.13,-0.92,-0.51
0.49,0.84,-3.46,-0.68,-0.48,2.3,-0.81,-0.35
0.37,1.0,-3.03,-0.37,-0.36,0.37,-0.42,-0.3
0.4,0.77,-3.53,-0.69,-0.33,2.51,-0.86,-0.17
0.53,1.0,-3.19,0.53,2.5,2.71,-0.58,-0.47
0.72,0.84,-3.73,-0.95,-0.75,2.03,-1.08,-0.62
0.67,0.9,-3.53,-0.79,-0.69,2.05,-0.89,-0.59
0.72,0.74,-4.06,-1.19,-0.74,2.12,-1.37,-0.56
0.35,0.74,-3.56,-0.69,-0.24,2.62,-0.87,-0.07
0.33,0.85,-3.25,-0.47,-0.3,2.48,-0.6,-0.16
0.51,0.85,-3.46,-0.68,-0.51,2.27,-0.82,-0.37
0.44,0.5,-4.93,-1.7,-0.05,3.18,-2.0,0.25
0.55,0.75,-3.79,-0.94,-0.52,2.34,-1.11,-0.35
0.69,0.96,-3.42,-0.72,-0.7,0.51,-0.81,-0.62
0.49,0.53,-4.8,-1.63,-0.2,2.96,-1.91,0.07
0.83,0.87,-3.78,-1.02,-0.88,1.88,-1.14,-0.76
0.85,0.88,-3.78,-1.02,-0.9,1.86,-1.14,-0.78
0.73,0.76,-4.0,-1.15,-0.76,2.09,-1.31,-0.6
0.77,0.93,-3.57,-0.85,-0.8,0.73,-0.94,-0.7
0.66,0.9,-3.52,-0.77,-0.68,2.06,-0.88,-0.58
0.55,1.0,-3.21,-0.55,-0.54,0.54,-0.6,-0.48
0.96,1.0,-3.62,-0.96,-0.95,0.95,-1.01,-0.89
0.49,0.7,-3.89,-0.98,-0.41,2.5,-1.18,-0.21
0.74,0.78,-3.94,-1.11,-0.78,2.05,-1.27,-0.61
0.92,0.98,-3.62,-0.94,-0.93,0.55,-1.01,-0.86
0.84,0.87,-3.79,-1.03,-0.89,1.87,-1.15,-0.77
0.78,0.86,-3.75,-0.98,-0.82,1.95,-1.11,-0.7
0.91,0.99,-3.59,-0.92,-0.91,0.68,-0.97,-0.85
0.59,0.9,-3.44,-0.7,-0.6,2.14,-0.8,-0.5
0.78,0.91,-3.62,-0.89,-0.81,1.92,-1.0,-0.71
0.98,0.99,-3.66,-0.99,-0.98,0.74,-1.05,-0.92
0.39,0.69,-3.79,-0.87,-0.25,2.67,-1.07,-0.05
0.43,0.45,-5.36,-1.99,0.09,3.46,-2.32,0.42
0.91,0.94,-3.7,-0.98,-0.94,0.77,-1.08,-0.85
0.51,0.59,-4.44,-1.39,-0.33,2.72,-1.64,-0.08
0.55,0.67,-4.1,-1.16,-0.47,2.47,-1.37,-0.27
0.68,0.7,-4.16,-1.26,-0.68,2.23,-1.45,-0.48
0.91,0.98,-3.61,-0.93,-0.92,0.54,-1.0,-0.85
0.67,0.74,-3.99,-1.12,-0.68,2.19,-1.3,-0.5
0.35,0.41,-5.6,-2.11,0.41,3.91,-2.47,0.78
0.9,0.96,-3.64,-0.94,-0.92,0.66,-1.02,-0.84
0.43,0.81,-3.46,-0.66,-0.4,2.41,-0.8,-0.25
0.71,0.87,-3.64,-0.88,-0.74,2.02,-1.0,-0.62
0.33,0.68,-3.74,-0.81,-0.15,2.78,-1.01,0.05
0.98,0.99,-3.66,-0.99,-0.98,0.74,-1.05,-0.92
0.44,0.92,-3.23,-0.51,-0.44,2.29,-0.6,-0.35
0.79,0.84,-3.82,-1.03,-0.84,1.95,-1.17,-0.7
0.34,0.81,-3.35,-0.54,-0.28,2.52,-0.69,-0.14
0.86,0.88,-3.79,-1.03,-0.91,1.84,-1.15,-0.79
0.33,0.46,-5.04,-1.71,0.28,3.62,-2.03,0.61
0.71,0.83,-3.75,-0.96,-0.74,2.05,-1.1,-0.61
0.67,0.69,-4.19,-1.27,-0.66,2.26,-1.48,-0.46
0.78,0.87,-3.72,-0.96,-0.82,1.94,-1.08,-0.7
0.53,0.54,-4.8,-1.66,-0.29,2.85,-1.93,-0.02
0.36,0.82,-3.35,-0.55,-0.32,2.48,-0.7,-0.17
0.58,0.85,-3.54,-0.77,-0.59,2.19,-0.9,-0.46
0.65,0.77,-3.86,-1.02,-0.66,2.18,-1.18,-0.5
0.58,0.81,-3.65,-0.84,-0.58,2.23,-0.99,-0.43
0.62,0.91,-3.45,-0.71,-0.64,2.1,-0.82,-0.53
0.82,0.94,-3.6,-0.89,-0.85,0.75,-0.98,-0.76
0.45,0.57,-4.46,-1.37,-0.2,2.89,-1.63,0.07
0.8,0.84,-3.83,-1.04,-0.85,1.93,-1.18,-0.72
0.82,0.86,-3.8,-1.03,-0.87,1.9,-1.16,-0.74
0.99,1.0,-3.65,-0.99,-0.98,0.98,-1.04,-0.92
0.43,0.81,-3.46,-0.66,-0.4,2.41,-0.8,-0.25
0.61,0.99,-3.29,0.36,0.44,0.46,-0.67,-0.55
0.52,0.65,-4.15,-1.18,-0.41,2.56,-1.4,-0.19
0.44,0.94,-3.2,-0.48,-0.44,0.44,-0.58,-0.35
0.76,0.97,-3.48,-0.79,-0.77,0.45,-0.86,-0.7
0.74,0.97,-3.46,-0.76,-0.75,0.44,-0.84,-0.68
0.99,1.0,-3.65,-0.99,-0.98,0.98,-1.04,-0.92
0.67,0.72,-4.07,-1.18,-0.67,2.22,-1.36,-0.49
0.99,1.0,-3.65,-0.99,-0.98,0.98,-1.04,-0.92
0.52,0.66,-4.1,-1.15,-0.42,2.54,-1.36,-0.21
0.61,0.83,-3.63,-0.84,-0.62,2.17,-0.97,-0.49
0.43,0.46,-5.26,-1.92,0.07,3.4,-2.24,0.39
0.67,0.75,-3.95,-1.1,-0.68,2.18,-1.27,-0.51
0.93,0.94,-3.72,-1.0,-0.96,0.79,-1.1,-0.87
0.99,1.0,-3.65,-0.99,-0.98,0.98,-1.04,-0.92
0.69,0.73,-4.06,-1.18,-0.7,2.18,-1.36,-0.52
0.82,0.87,-3.77,-1.01,-0.87,1.89,-1.13,-0.75
0.99,1.0,-3.65,-0.99,-0.98,0.98,-1.04,-0.92
0.49,0.9,-3.33,-0.59,-0.49,2.25,-0.69,-0.39
0.34,0.47,-4.97,-1.67,0.23,3.54,-1.98,0.55
0.53,0.57,-4.6,-1.51,-0.34,2.75,-1.77,-0.07
0.66,0.93,-3.45,-0.73,-0.68,0.65,-0.82,-0.58
0.35,0.81,-3.36,-0.56,-0.3,2.51,-0.7,-0.15
0.5,0.54,-4.74,-1.6,-0.24,2.9,-1.87,0.03
0.55,0.57,-4.63,-1.55,-0.37,2.71,-1.81,-0.11
0.5,0.91,-3.32,-0.58,-0.51,2.23,-0.69,-0.4
0.39,0.47,-5.08,-1.77,0.12,3.43,-2.09,0.44
0.92,0.98,-3.62,-0.94,-0.93,0.55,-1.01,-0.86
0.43,0.62,-4.15,-1.14,-0.23,2.77,-1.37,-0.0
0.39,0.88,-3.25,-0.5,-0.38,2.38,-0.62,-0.26
0.68,0.82,-3.74,-0.94,-0.71,2.09,-1.09,-0.56
0.48,0.72,-3.8,-0.92,-0.41,2.48,-1.1,-0.22
0.54,0.66,-4.13,-1.18,-0.45,2.51,-1.39,-0.24
0.84,0.98,-3.54,-0.86,-0.85,0.5,-0.92,-0.78
0.36,0.97,-3.06,-0.37,-0.36,0.28,-0.45,-0.29
0.58,0.68,-4.1,-1.17,-0.52,2.41,-1.38,-0.32
0.74,0.9,-3.6,-0.86,-0.77,1.97,-0.97,-0.66
0.65,0.67,-4.25,-1.31,-0.62,2.32,-1.51,-0.41
0.66,0.85,-3.64,-0.86,-0.68,2.09,-0.99,-0.55
0.77,0.9,-3.64,-0.9,-0.8,1.94,-1.0,-0.7
0.93,0.98,-3.63,-0.95,-0.94,0.55,-1.02,-0.87
0.51,0.72,-3.85,-0.96,-0.45,2.44,-1.14,-0.27
0.97,0.99,-3.65,-0.98,-0.97,0.73,-1.03,-0.91
0.92,1.0,-3.58,-0.92,-0.91,0.91,-0.97,-0.85
0.66,0.85,-3.64,-0.86,-0.68,2.09,-0.99,-0.55
0.94,0.96,-3.68,-0.99,-0.96,0.69,-1.07,-0.88
0.43,0.9,-3.26,-0.52,-0.43,2.31,-0.63,-0.32
0.34,0.61,-4.05,-1.03,-0.07,2.95,-1.26,0.16
0.74,0.82,-3.82,-1.02,-0.78,2.02,-1.16,-0.63
0.54,0.65,-4.18,-1.21,-0.44,2.53,-1.43,-0.22
0.67,0.79,-3.82,-1.0,-0.69,2.13,-1.16,-0.53
0.5,0.6,-4.37,-1.33,-0.32,2.71,-1.58,-0.08
0.91,0.96,-3.65,-0.95,-0.93,0.67,-1.03,-0.85
0.56,0.59,-4.53,-1.48,-0.41,2.64,-1.73,-0.16
0.89,1.0,-3.55,0.88,4.3,4.68,-0.94,-0.83
0.7,0.8,-3.83,-1.01,-0.73,2.09,-1.16,-0.58
0.89,0.94,-3.68,-0.96,-0.92,0.81,-1.05,-0.83
0.55,0.62,-4.34,-1.34,-0.43,2.58,-1.57,-0.19
0.36,0.57,-4.3,-1.22,-0.04,3.05,-1.47,0.22
0.94,0.95,-3.71,-1.0,-0.97,0.72,-1.08,-0.89
0.53,0.7,-3.95,-1.04,-0.46,2.44,-1.24,-0.27
0.64,0.79,-3.78,-0.96,-0.65,2.17,-1.12,-0.49
0.65,0.81,-3.73,-0.93,-0.67,2.14,-1.07,-0.52
0.75,0.9,-3.62,-0.87,-0.78,1.96,-0.98,-0.68
0.85,0.95,-3.61,-0.91,-0.87,0.62,-0.99,-0.79
0.33,0.92,-3.11,-0.39,-0.32,2.41,-0.48,-0.23
0.36,0.43,-5.4,-1.98,0.31,3.74,-2.32,0.66
0.82,0.86,-3.8,-1.03,-0.87,1.9,-1.16,-0.74
0.5,0.7,-3.91,-1.0,-0.42,2.49,-1.2,-0.22
0.96,0.99,-3.64,-0.97,-0.96,0.72,-1.03,-0.9
0.88,0.95,-3.64,-0.94,-0.91,0.51,-1.02,-0.82
0.35,0.73,-3.59,-0.71,-0.24,2.64,-0.9,-0.05
0.93,0.99,-3.61,-0.94,-0.93,0.7,-0.99,-0.87
0.72,0.77,-3.95,-1.11,-0.75,2.09,-1.27,-0.59
0.71,0.87,-3.64,-0.88,-0.74,2.02,-1.0,-0.62
0.89,0.91,-3.75,-1.01,-0.93,0.87,-1.12,-0.83
0.62,0.83,-3.64,-0.85,-0.63,2.16,-0.99,-0.5
0.51,0.88,-3.39,-0.64,-0.51,2.24,-0.75,-0.39
0.71,0.75,-4.01,-1.15,-0.73,2.12,-1.33,-0.56
0.55,0.76,-3.76,-0.91,-0.52,2.32,-1.08,-0.36
0.65,0.98,-3.35,-0.66,-0.65,0.39,-0.73,-0.59
0.61,1.0,-3.27,-0.61,-0.6,0.6,-0.66,-0.54
0.78,0.88,-3.7,-0.94,-0.82,1.93,-1.06,-0.7
0.35,0.95,-3.08,-0.38,-0.35,2.36,-0.46,-0.26
0.72,0.91,-3.56,-0.82,-0.75,1.99,-0.93,-0.64
0.86,0.94,-3.64,-0.93,-0.89,0.73,-1.02,-0.8
0.4,0.51,-4.77,-1.57,0.01,3.21,-1.86,0.3
0.61,0.69,-4.1,-1.19,-0.57,2.35,-1.39,-0.37
0.38,0.48,-4.97,-1.69,0.12,3.4,-2.0,0.43
0.65,0.93,-3.44,-0.72,-0.67,0.64,-0.81,-0.57
0.67,1.0,-3.33,-0.67,-0.66,0.66,-0.72,-0.6
0.67,0.72,-4.07,-1.18,-0.67,2.22,-1.36,-0.49
0.38,0.47,-5.06,-1.75,0.15,3.45,-2.07,0.47
0.78,0.83,-3.83,-1.04,-0.83,1.96,-1.18,-0.69
0.6,0.94,-3.37,-0.65,-0.61,0.58,-0.75,-0.52
0.4,0.43,-5.5,-2.07,0.22,3.65,-2.42,0.57
0.53,0.57,-4.6,-1.51,-0.34,2.75,-1.77,-0.07
0.56,0.96,-3.29,-0.59,-0.57,0.41,-0.67,-0.49
0.7,0.87,-3.63,-0.87,-0.73,2.03,-0.99,-0.61
0.4,0.44,-5.39,-2.0,0.19,3.58,-2.33,0.53
0.77,0.78,-3.98,-1.15,-0.82,2.02,-1.31,-0.65
0.52,0.86,-3.45,-0.68,-0.52,2.25,-0.81,-0.39
0.39,0.78,-3.49,-0.66,-0.33,2.5,-0.82,-0.17
0.42,0.9,-3.25,-0.51,-0.42,2.33,-0.61,-0.31
0.61,0.8,-3.71,-0.9,-0.62,2.2,-1.05,-0.47
0.94,1.0,-3.6,0.93,4.55,4.99,-0.99,-0.88
0.77,0.96,-3.51,-0.81,-0.79,0.57,-0.89,-0.71
0.66,0.78,-3.84,-1.01,-0.67,2.16,-1.17,-0.51
0.81,0.94,-3.59,-0.88,-0.84,0.74,-0.97,-0.74
0.68,0.94,-3.45,-0.74,-0.7,0.62,-0.83,-0.61
0.75,0.86,-3.71,-0.95,-0.79,1.98,-1.08,-0.66
0.8,0.88,-3.72,-0.97,-0.84,1.91,-1.08,-0.72
0.77,0.9,-3.64,-0.9,-0.8,1.94,-1.0,-0.7
0.65,1.0,-3.31,-0.65,-0.64,0.64,-0.7,-0.58
0.91,0.94,-3.7,-0.98,-0.94,0.77,-1.08,-0.85
0.91,1.0,-3.57,0.9,4.4,4.8,-0.96,-0.85
0.92,1.0,-3.58,-0.92,-0.91,0.91,-0.97,-0.85
0.46,0.76,-3.64,-0.79,-0.41,2.44,-0.96,-0.24
0.41,0.99,-3.09,0.25,0.29,0.31,-0.47,-0.35
0.35,0.56,-4.34,-1.24,-0.0,3.1,-1.5,0.26
0.94,0.97,-3.66,-0.97,-0.96,0.55,-1.04,-0.89
0.47,0.94,-3.23,-0.52,-0.47,0.46,-0.61,-0.38
0.83,0.91,-3.68,-0.95,-0.87,1.87,-1.05,-0.76
0.76,0.95,-3.52,-0.81,-0.78,0.69,-0.89,-0.7
0.78,0.89,-3.67,-0.92,-0.82,1.93,-1.04,-0.7
0.98,1.0,-3.64,-0.98,-0.97,0.97,-1.03,-0.91
0.62,0.8,-3.73,-0.91,-0.63,2.19,-1.06,-0.48
0.79,0.82,-3.88,-1.08,-0.84,1.96,-1.22,-0.69
0.98,1.0,-3.64,-0.98,-0.97,0.97,-1.03,-0.91
0.79,0.84,-3.82,-1.03,-0.84,1.95,-1.17,-0.7
0.47,0.97,-3.18,-0.49,-0.47,0.39,-0.56,-0.4
0.93,0.98,-3.63,-0.95,-0.94,0.55,-1.02,-0.87
0.43,0.9,-3.26,-0.52,-0.43,2.31,-0.63,-0.32
0.39,0.81,-3.41,-0.61,-0.35,2.46,-0.75,-0.2
0.79,0.93,-3.59,-0.87,-0.82,0.75,-0.96,-0.72
0.98,0.99,-3.66,-0.99,-0.98,0.74,-1.05,-0.92
0.75,0.97,-3.47,-0.78,-0.76,0.44,-0.85,-0.69
0.91,0.98,-3.61,-0.93,-0.92,0.54,-1.0,-0.85
0.52,0.62,-4.3,-1.29,-0.38,2.63,-1.52,-0.15
0.99,1.0,-3.65,-0.99,-0.98,0.98,-1.04,-0.92
0.63,0.7,-4.09,-1.18,-0.61,2.3,-1.38,-0.41
0.63,0.94,-3.4,-0.69,-0.64,0.58,-0.78,-0.55
0.92,0.99,-3.6,-0.93,-0.92,0.69,-0.98,-0.86
0.69,0.97,-3.4,-0.71,-0.7,0.51,-0.79,-0.63
0.5,0.64,-4.16,-1.19,-0.37,2.61,-1.41,-0.14
0.7,0.92,-3.52,-0.79,-0.72,2.0,-0.88,-0.63
0.36,0.67,-3.82,-0.88,-0.19,2.75,-1.08,0.02
0.95,0.97,-3.67,-0.98,-0.97,0.56,-1.05,-0.9
0.96,0.97,-3.68,-0.99,-0.98,0.57,-1.06,-0.91
0.4,0.83,-3.38,-0.58,-0.37,2.42,-0.72,-0.23
0.75,0.8,-3.89,-1.07,-0.79,2.02,-1.22,-0.64
0.79,0.99,-3.47,0.47,0.56,0.59,-0.85,-0.73
0.35,0.87,-3.23,-0.47,-0.33,2.43,-0.59,-0.21
0.75,0.92,-3.57,-0.84,-0.78,0.75,-0.94,-0.68
0.62,0.75,-3.89,-1.03,-0.61,2.24,-1.21,-0.44
0.84,0.89,-3.74,-0.99,-0.89,1.86,-1.11,-0.77
0.85,0.97,-3.57,-0.88,-0.86,0.5,-0.95,-0.79
0.56,0.94,-3.32,-0.61,-0.57,0.54,-0.7,-0.48
0.97,1.0,-3.63,-0.97,-0.96,0.96,-1.02,-0.9
0.44,0.65,-4.03,-1.06,-0.28,2.68,-1.28,-0.06
0.79,0.98,-3.49,0.47,0.56,0.59,-0.87,-0.73
0.46,0.95,-3.2,-0.49,-0.46,0.43,-0.58,-0.38
0.85,0.89,-3.75,-1.0,-0.9,1.85,-1.12,-0.78
0.86,0.87,-3.82,-1.05,-0.91,1.85,-1.17,-0.79
0.58,0.81,-3.65,-0.84,-0.58,2.23,-0.99,-0.43
0.45,0.62,-4.18,-1.18,-0.26,2.74,-1.41,-0.03
0.6,0.69,-4.09,-1.17,-0.56,2.36,-1.37,-0.35
0.99,1.0,-3.65,-0.99,-0.98,0.98,-1.04,-0.92
0.33,0.36,-6.22,-2.5,0.68,4.4,-2.91,1.1
0.82,0.94,-3.6,-0.89,-0.85,0.75,-0.98,-0.76
0.55,0.98,-3.24,-0.56,-0.55,0.33,-0.63,-0.48
0.7,0.83,-3.74,-0.95,-0.73,2.06,-1.08,-0.6
0.39,0.66,-3.91,-0.95,-0.22,2.73,-1.16,-0.01
0.66,0.85,-3.64,-0.86,-0.68,2.09,-0.99,-0.55
0.56,0.7,-3.99,-1.08,-0.51,2.4,-1.28,-0.31
0.46,0.71,-3.81,-0.91,-0.37,2.53,-1.1,-0.18
0.67,0.97,-3.38,-0.69,-0.68,0.5,-0.77,-0.61
0.76,0.83,-3.81,-1.02,-0.8,1.99,-1.16,-0.67
0.49,0.77,-3.65,-0.81,-0.45,2.39,-0.97,-0.29
0.4,0.53,-4.63,-1.47,-0.03,3.13,-1.74,0.24
0.41,0.94,-3.16,-0.45,-0.41,2.3,-0.54,-0.32
0.49,0.64,-4.15,-1.17,-0.35,2.63,-1.4,-0.13
0.34,0.39,-5.83,-2.25,0.51,4.09,-2.63,0.91
0.62,0.7,-4.08,-1.17,-0.59,2.32,-1.37,-0.39
0.91,0.99,-3.59,-0.92,-0.91,0.68,-0.97,-0.85
0.48,0.97,-3.19,-0.5,-0.48,0.4,-0.57,-0.41
0.62,0.77,-3.82,-0.98,-0.62,2.22,-1.14,-0.46
0.65,0.89,-3.53,-0.78,-0.67,2.08,-0.89,-0.56
0.98,1.0,-3.64,-0.98,-0.97,0.97,-1.03,-0.91
0.85,0.97,-3.57,-0.88,-0.86,0.5,-0.95,-0.79
0.98,0.99,-3.66,-0.99,-0.98,0.74,-1.05,-0.92
0.92,0.95,-3.68,-0.98,-0.95,0.54,-1.06,-0.87
0.59,0.91,-3.42,-0.68,-0.6,2.13,-0.79,-0.5
0.41,0.91,-3.22,-0.48,-0.41,2.33,-0.59,-0.3
0.36,0.61,-4.09,-1.07,-0.1,2.92,-1.3,0.13
0.87,0.9,-3.75,-1.01,-0.92,1.83,-1.11,-0.81
0.52,0.85,-3.47,-0.69,-0.52,2.26,-0.83,-0.39
0.45,0.91,-3.26,-0.53,-0.45,2.28,-0.63,-0.35
0.68,0.72,-4.08,-1.19,-0.68,2.2,-1.38,-0.5
0.66,1.0,-3.32,-0.66,-0.65,0.65,-0.71,-0.59
0.38,0.5,-4.81,-1.58,0.07,3.3,-1.88,0.37
0.93,0.94,-3.72,-1.0,-0.96,0.79,-1.1,-0.87
0.56,0.68,-4.07,-1.15,-0.49,2.44,-1.35,-0.29
0.89,0.94,-3.68,-0.96,-0.92,0.81,-1.05,-0.83
0.36,0.5,-4.77,-1.54,0.11,3.34,-1.84,0.41
0.77,0.79,-3.95,-1.12,-0.82,2.01,-1.28,-0.66
0.96,0.97,-3.68,-0.99,-0.98,0.57,-1.06,-0.91
0.59,0.83,-3.61,-0.81,-0.6,2.19,-0.95,-0.47
0.89,0.97,-3.61,-0.92,-0.91,0.52,-0.99,-0.83
0.71,0.97,-3.43,-0.73,-0.72,0.53,-0.81,-0.65
0.99,1.0,-3.65,-0.99,-0.98,0.98,-1.04,-0.92
0.85,0.9,-3.73,-0.99,-0.89,1.85,-1.09,-0.79
0.69,0.87,-3.62,-0.86,-0.72,2.04,-0.98,-0.6
0.67,0.85,-3.65,-0.87,-0.7,2.08,-1.0,-0.56
0.5,0.82,-3.52,-0.72,-0.49,2.31,-0.87,-0.34
0.4,0.96,-3.12,-0.42,-0.4,0.37,-0.5,-0.32
0.86,0.9,-3.74,-1.0,-0.9,1.84,-1.1,-0.8
0.42,0.77,-3.56,-0.72,-0.36,2.48,-0.88,-0.2
0.91,0.95,-3.67,-0.97,-0.94,0.53,-1.05,-0.85
0.63,0.98,-3.33,-0.64,-0.63,0.37,-0.71,-0.56
0.53,0.76,-3.74,-0.89,-0.5,2.35,-1.05,-0.33
0.48,0.56,-4.57,-1.47,-0.23,2.87,-1.73,0.03
0.49,0.95,-3.23,-0.53,-0.5,0.47,-0.61,-0.41
0.85,0.9,-3.73,-0.99,-0.89,1.85,-1.09,-0.79
0.85,0.87,-3.8,-1.04,-0.9,1.86,-1.16,-0.78
0.72,0.81,-3.82,-1.01,-0.75,2.05,-1.16,-0.61
0.42,0.74,-3.65,-0.79,-0.34,2.53,-0.97,-0.16
0.35,0.73,-3.59,-0.71,-0.24,2.64,-0.9,-0.05
0.49,0.75,-3.71,-0.86,-0.44,2.42,-1.03,-0.27
0.93,0.99,-3.61,-0.94,-0.93,0.7,-0.99,-0.87
0.74,0.78,-3.94,-1.11,-0.78,2.05,-1.27,-0.61
0.87,0.96,-3.61,-0.91,-0.89,0.64,-0.99,-0.81
0.68,0.75,-3.97,-1.11,-0.69,2.16,-1.28,-0.52
0.8,0.9,-3.67,-0.93,-0.84,1.9,-1.04,-0.73
0.61,0.68,-4.15,-1.22,-0.57,2.36,-1.42,-0.36
0.45,0.5,-4.95,-1.72,-0.07,3.16,-2.02,0.23
0.41,0.89,-3.26,-0.51,-0.4,2.35,-0.62,-0.29
0.44,0.82,-3.45,-0.65,-0.41,2.39,-0.8,-0.27
0.73,0.81,-3.83,-1.03,-0.77,2.04,-1.17,-0.62
0.47,1.0,-3.13,-0.47,-0.46,0.47,-0.52,-0.4
0.65,0.76,-3.89,-1.04,-0.66,2.19,-1.21,-0.49
0.79,0.88,-3.71,-0.95,-0.83,1.92,-1.07,-0.71
0.65,0.85,-3.62,-0.85,-0.67,2.1,-0.98,-0.54
0.99,1.0,-3.65,-0.99,-0.98,0.98,-1.04,-0.92
0.51,0.77,-3.68,-0.84,-0.48,2.36,-1.0,-0.31
0.56,0.72,-3.91,-1.03,-0.52,2.37,-1.21,-0.33
0.51,0.91,-3.33,-0.59,-0.52,2.22,-0.7,-0.41
0.47,0.87,-3.37,-0.6,-0.47,2.3,-0.72,-0.35
0.42,0.43,-5.54,-2.12,0.17,3.6,-2.46,0.52
0.74,0.77,-3.98,-1.14,-0.78,2.06,-1.3,-0.61
0.76,0.9,-3.63,-0.89,-0.79,1.95,-0.99,-0.69
0.33,0.68,-3.74,-0.81,-0.15,2.78,-1.01,0.05
0.52,0.97,-3.23,-0.54,-0.52,0.39,-0.61,-0.45
0.68,0.9,-3.54,-0.8,-0.7,2.04,-0.9,-0.6
0.52,0.64,-4.2,-1.22,-0.4,2.58,-1.44,-0.17
0.75,0.81,-3.86,-1.05,-0.79,2.02,-1.2,-0.64
0.68,0.88,-3.58,-0.83,-0.71,2.05,-0.95,-0.59
0.59,0.7,-4.03,-1.13,-0.55,2.36,-1.33,-0.35
0.59,0.61,-4.46,-1.44,-0.48,2.54,-1.67,-0.25
0.71,0.75,-4.01,-1.15,-0.73,2.12,-1.33,-0.56
0.34,0.73,-3.58,-0.7,-0.22,2.65,-0.88,-0.04
0.49,0.98,-3.18,-0.5,-0.49,0.29,-0.57,-0.42
0.37,0.56,-4.38,-1.27,-0.04,3.07,-1.54,0.23
0.89,0.99,-3.57,-0.9,-0.89,0.67,-0.95,-0.83
0.65,0.72,-4.04,-1.15,-0.64,2.24,-1.33,-0.46
0.92,0.95,-3.68,-0.98,-0.95,0.54,-1.06,-0.87
0.41,0.46,-5.22,-1.88,0.11,3.44,-2.2,0.43
0.37,0.53,-4.57,-1.41,0.02,3.18,-1.69,0.3
0.92,0.94,-3.71,-0.99,-0.95,0.78,-1.09,-0.86
0.71,0.73,-4.08,-1.21,-0.73,2.15,-1.39,-0.55
0.35,0.66,-3.84,-0.89,-0.16,2.79,-1.1,0.05
0.57,0.6,-4.49,-1.45,-0.44,2.6,-1.69,-0.2
0.79,0.96,-3.53,-0.83,-0.81,0.58,-0.91,-0.73
0.78,0.88,-3.7,-0.94,-0.82,1.93,-1.06,-0.7
0.96,1.0,-3.62,-0.96,-0.95,0.95,-1.01,-0.89
0.82,0.9,-3.69,-0.95,-0.86,1.88,-1.06,-0.75
0.99,1.0,-3.65,-0.99,-0.98,0.98,-1.04,-0.92
0.47,0.92,-3.27,-0.54,-0.47,2.25,-0.64,-0.38
0.79,0.81,-3.91,-1.1,-0.84,1.97,-1.25,-0.69
0.94,1.0,-3.6,0.93,4.55,4.99,-0.99,-0.88
0.71,0.9,-3.57,-0.83,-0.74,2.0,-0.94,-0.63
0.79,0.81,-3.91,-1.1,-0.84,1.97,-1.25,-0.69
0.72,0.79,-3.88,-1.06,-0.75,2.07,-1.22,-0.6
0.95,0.99,-3.63,-0.96,-0.95,0.72,-1.01,-0.89
0.55,0.97,-3.26,-0.57,-0.55,0.41,-0.64,-0.48
0.55,0.7,-3.98,-1.07,-0.49,2.42,-1.27,-0.29
0.51,0.98,-3.2,-0.52,-0.51,0.3,-0.59,-0.44
0.42,0.98,-3.11,-0.43,-0.42,0.31,-0.5,-0.35
0.5,0.6,-4.37,-1.33,-0.32,2.71,-1.58,-0.08
0.46,0.8,-3.53,-0.71,-0.43,2.39,-0.86,-0.28
0.39,0.78,-3.49,-0.66,-0.33,2.5,-0.82,-0.17
0.4,0.78,-3.51,-0.67,-0.34,2.49,-0.84,-0.18
0.98,0.99,-3.66,-0.99,-0.98,0.74,-1.05,-0.92
0.75,0.98,-3.45,0.44,0.53,0.56,-0.83,-0.69
0.91,0.93,-3.72,-1.0,-0.95,0.77,-1.09,-0.85
0.75,0.87,-3.69,-0.93,-0.79,1.97,-1.05,-0.67
0.52,0.76,-3.72,-0.87,-0.49,2.36,-1.04,-0.32
0.81,0.86,-3.78,-1.02,-0.86,1.91,-1.14,-0.73
0.53,0.95,-3.27,-0.57,-0.54,0.49,-0.65,-0.45
0.86,0.87,-3.82,-1.05,-0.91,1.85,-1.17,-0.79
0.49,0.91,-3.31,-0.57,-0.49,2.24,-0.68,-0.39
0.93,0.94,-3.72,-1.0,-0.96,0.79,-1.1,-0.87
0.68,0.7,-4.16,-1.26,-0.68,2.23,-1.45,-0.48
0.91,0.93,-3.72,-1.0,-0.95,0.77,-1.09,-0.85
0.36,0.64,-3.95,-0.97,-0.15,2.83,-1.19,0.08
0.94,0.98,-3.64,-0.96,-0.95,0.56,-1.03,-0.88
0.49,0.96,-3.22,-0.52,-0.49,0.37,-0.6,-0.41
0.62,0.83,-3.64,-0.85,-0.63,2.16,-0.99,-0.5
0.66,0.94,-3.43,-0.72,-0.68,0.63,-0.81,-0.59
0.76,0.93,-3.56,-0.84,-0.79,0.72,-0.93,-0.69
0.9,0.94,-3.69,-0.97,-0.93,0.65,-1.07,-0.84
0.93,0.94,-3.72,-1.0,-0.96,0.79,-1.1,-0.87
0.82,0.98,-3.52,-0.84,-0.83,0.49,-0.9,-0.76
0.52,0.93,-3.3,-0.58,-0.53,0.52,-0.68,-0.43
0.41,0.56,-4.45,-1.35,-0.11,2.99,-1.61,0.16
0.83,0.88,-3.75,-1.0,-0.88,1.88,-1.12,-0.76
0.56,0.74,-3.84,-0.98,-0.53,2.34,-1.16,-0.35
0.84,0.86,-3.82,-1.05,-0.89,1.88,-1.18,-0.77
0.74,0.85,-3.73,-0.95,-0.78,2.0,-1.09,-0.65
0.33,0.45,-5.13,-1.77,0.31,3.68,-2.1,0.65
0.96,0.97,-3.68,-0.99,-0.98,0.57,-1.06,-0.91
0.42,0.6,-4.24,-1.2,-0.19,2.85,-1.44,0.05
0.49,0.78,-3.62,-0.79,-0.46,2.37,-0.95,-0.29
0.33,0.43,-5.33,-1.91,0.38,3.81,-2.25,0.73
0.9,0.94,-3.69,-0.97,-0.93,0.65,-1.07,-0.84
0.83,0.96,-3.57,-0.87,-0.85,0.61,-0.95,-0.77
0.65,0.7,-4.12,-1.21,-0.63,2.27,-1.41,-0.44
0.41,0.95,-3.15,-0.44,-0.41,0.4,-0.53,-0.33
0.81,0.84,-3.84,-1.06,-0.86,1.92,-1.19,-0.73
0.67,0.69,-4.19,-1.27,-0.66,2.26,-1.48,-0.46
0.58,0.86,-3.52,-0.75,-0.59,2.18,-0.88,-0.46
0.6,0.82,-3.64,-0.85,-0.61,2.19,-0.99,-0.46
0.57,0.59,-4.55,-1.49,-0.43,2.62,-1.74,-0.18
0.89,0.91,-3.75,-1.01,-0.93,0.87,-1.12,-0.83
0.91,0.98,-3.61,-0.93,-0.92,0.54,-1.0,-0.85
0.38,0.42,-5.56,-2.1,0.3,3.76,-2.45,0.66
0.71,0.73,-4.08,-1.21,-0.73,2.15,-1.39,-0.55
0.7,0.86,-3.66,-0.89,-0.73,2.04,-1.02,-0.6
0.64,0.75,-3.91,-1.06,-0.64,2.22,-1.23,-0.47
0.93,0.97,-3.65,-0.96,-0.95,0.55,-1.03,-0.88
0.68,1.0,-3.34,-0.68,-0.67,0.67,-0.73,-0.61
0.57,0.57,-4.67,-1.58,-0.41,2.68,-1.84,-0.14
0.78,0.85,-3.78,-1.0,-0.82,1.95,-1.13,-0.69
0.5,0.9,-3.34,-0.6,-0.5,2.24,-0.7,-0.4
0.57,0.65,-4.23,-1.26,-0.48,2.48,-1.48,-0.26
0.86,0.94,-3.64,-0.93,-0.89,0.73,-1.02,-0.8
0.9,1.0,-3.56,0.89,4.35,4.74,-0.95,-0.84
0.82,0.83,-3.88,-1.09,-0.88,1.92,-1.23,-0.74
0.41,0.48,-5.03,-1.76,0.06,3.34,-2.06,0.37
0.87,0.97,-3.59,-0.9,-0.88,0.51,-0.97,-0.81
0.39,0.83,-3.36,-0.57,-0.36,2.43,-0.71,-0.22
0.74,0.78,-3.94,-1.11,-0.78,2.05,-1.27,-0.61
0.83,0.88,-3.75,-1.0,-0.88,1.88,-1.12,-0.76
0.78,0.92,-3.6,-0.87,-0.81,0.76,-0.97,-0.72
0.77,0.97,-3.49,-0.8,-0.78,0.45,-0.87,-0.71
0.44,0.79,-3.53,-0.71,-0.4,2.42,-0.86,-0.24
0.78,0.98,-3.48,0.46,0.55,0.58,-0.86,-0.72
0.59,0.88,-3.48,-0.73,-0.6,2.15,-0.85,-0.49
0.45,0.55,-4.58,-1.46,-0.16,2.96,-1.73,0.1
0.53,0.75,-3.77,-0.91,-0.49,2.36,-1.09,-0.32
0.53,0.7,-3.95,-1.04,-0.46,2.44,-1.24,-0.27
0.71,0.95,-3.46,-0.76,-0.73,0.65,-0.84,-0.64
0.36,0.79,-3.43,-0.6,-0.3,2.53,-0.76,-0.14
0.53,0.88,-3.41,-0.66,-0.54,2.22,-0.78,-0.42
0.54,0.66,-4.13,-1.18,-0.45,2.51,-1.39,-0.24
0.7,0.81,-3.8,-0.99,-0.73,2.08,-1.14,-0.58
0.35,0.93,-3.12,-0.4,-0.35,2.37,-0.49,-0.25
0.76,0.81,-3.87,-1.06,-0.8,2.0,-1.21,-0.66
0.95,0.97,-3.67,-0.98,-0.97,0.56,-1.05,-0.9
0.44,0.85,-3.38,-0.6,-0.42,2.35,-0.73,-0.29
0.72,0.91,-3.56,-0.82,-0.75,1.99,-0.93,-0.64
0.98,1.0,-3.64,-0.98,-0.97,0.97,-1.03,-0.91
0.82,0.96,-3.56,-0.86,-0.84,0.6,-0.94,-0.76
0.42,0.61,-4.18,-1.16,-0.2,2.82,-1.4,0.03
0.55,0.84,-3.53,-0.75,-0.55,2.23,-0.88,-0.42
0.97,0.99,-3.65,-0.98,-0.97,0.73,-1.03,-0.91
0.86,0.9,-3.74,-1.0,-0.9,1.84,-1.1,-0.8
0.63,0.84,-3.63,-0.84,-0.65,2.14,-0.98,-0.51
0.94,0.99,-3.62,-0.95,-0.94,0.71,-1.0,-0.88
0.72,0.76,-3.99,-1.14,-0.75,2.1,-1.3,-0.58
0.63,0.89,-3.5,-0.76,-0.65,2.1,-0.87,-0.54
0.58,0.73,-3.91,-1.03,-0.55,2.33,-1.21,-0.37
0.39,0.64,-3.99,-1.01,-0.19,2.78,-1.24,0.03
0.63,0.65,-4.32,-1.35,-0.58,2.39,-1.57,-0.36
0.66,0.98,-3.36,-0.67,-0.66,0.39,-0.74,-0.6
0.92,0.98,-3.62,-0.94,-0.93,0.55,-1.01,-0.86
0.47,0.87,-3.37,-0.6,-0.47,2.3,-0.72,-0.35
0.51,0.83,-3.51,-0.72,-0.5,2.29,-0.85,-0.37
0.93,1.0,-3.59,-0.93,-0.92,0.92,-0.98,-0.86
0.74,0.93,-3.54,-0.82,-0.76,0.71,-0.91,-0.67
0.45,0.61,-4.23,-1.21,-0.25,2.77,-1.44,-0.02
0.97,1.0,-3.63,-0.97,-0.96,0.96,-1.02,-0.9
0.89,0.92,-3.72,-0.99,-0.93,0.85,-1.09,-0.84
0.8,0.92,-3.62,-0.9,-0.83,0.78,-0.99,-0.74
0.96,0.97,-3.68,-0.99,-0.98,0.57,-1.06,-0.91
0.8,1.0,-3.46,-0.8,-0.79,0.79,-0.85,-0.73
0.45,1.0,-3.11,-0.45,-0.44,0.45,-0.5,-0.38
0.97,1.0,-3.63,-0.97,-0.96,0.96,-1.02,-0.9
0.58,0.6,-4.5,-1.47,-0.46,2.58,-1.71,-0.22
0.33,0.67,-3.77,-0.83,-0.14,2.8,-1.04,0.06
0.7,0.78,-3.89,-1.06,-0.73,2.11,-1.22,-0.56
0.49,0.73,-3.78,-0.91,-0.43,2.45,-1.09,-0.25
0.49,0.95,-3.23,-0.53,-0.5,0.47,-0.61,-0.41
0.85,1.0,-3.51,-0.85,-0.84,0.84,-0.9,-0.78
0.99,1.0,-3.65,-0.99,-0.98,0.98,-1.04,-0.92
0.66,0.71,-4.09,-1.2,-0.65,2.24,-1.39,-0.47
0.56,0.78,-3.71,-0.88,-0.55,2.29,-1.04,-0.38
0.72,0.75,-4.02,-1.16,-0.75,2.11,-1.34,-0.57
0.83,0.99,-3.51,0.62,3.87,N/A,-0.89,-0.77
0.88,1.0,-3.54,0.87,4.25,4.63,-0.93,-0.82
0.57,0.83,-3.58,-0.79,-0.57,2.22,-0.93,-0.44
0.43,0.87,-3.32,-0.56,-0.42,2.34,-0.68,-0.3
0.34,0.96,-3.06,-0.36,-0.34,0.32,-0.44,-0.26
0.41,0.58,-4.33,-1.26,-0.14,2.93,-1.52,0.11
0.84,0.91,-3.69,-0.96,-0.88,1.85,-1.06,-0.77
0.59,0.79,-3.72,-0.9,-0.59,2.24,-1.05,-0.43
0.71,0.8,-3.84,-1.02,-0.74,2.07,-1.17,-0.59
0.6,0.82,-3.64,-0.85,-0.61,2.19,-0.99,-0.46
0.57,0.96,-3.3,-0.6,-0.58,0.52,-0.68,-0.5
0.49,0.78,-3.62,-0.79,-0.46,2.37,-0.95,-0.29
0.91,0.99,-3.59,-0.92,-0.91,0.68,-0.97,-0.85
0.95,0.97,-3.67,-0.98,-0.97,0.56,-1.05,-0.9
0.48,0.93,-3.26,-0.54,-0.49,2.24,-0.63,-0.39
0.94,0.95,-3.71,-1.0,-0.97,0.72,-1.08,-0.89
0.97,1.0,-3.63,-0.97,-0.96,0.96,-1.02,-0.9
0.74,0.95,-3.5,-0.79,-0.76,0.63,-0.87,-0.68
0.7,0.73,-4.07,-1.19,-0.71,2.16,-1.37,-0.53
0.43,0.73,-3.7,-0.82,-0.35,2.53,-1.0,-0.16
0.56,0.86,-3.49,-0.72,-0.57,2.2,-0.85,-0.44
0.33,0.57,-4.25,-1.16,0.01,3.1,-1.42,0.28
0.49,0.5,-5.03,-1.8,-0.15,3.08,-2.1,0.15
0.78,0.85,-3.78,-1.0,-0.82,1.95,-1.13,-0.69
0.5,0.56,-4.61,-1.51,-0.27,2.83,-1.77,-0.01
0.93,0.97,-3.65,-0.96,-0.95,0.55,-1.03,-0.88
0.65,0.81,-3.73,-0.93,-0.67,2.14,-1.07,-0.52
0.54,0.67,-4.09,-1.15,-0.45,2.49,-1.35,-0.25
0.95,0.99,-3.63,-0.96,-0.95,0.72,-1.01,-0.89
0.91,0.98,-3.61,-0.93,-0.92,0.54,-1.0,-0.85
0.33,0.73,-3.56,-0.69,-0.21,2.67,-0.87,-0.03
0.68,0.84,-3.69,-0.9,-0.71,2.08,-1.03,-0.57
0.54,0.95,-3.28,-0.58,-0.55,0.5,-0.66,-0.46
0.46,0.88,-3.33,-0.58,-0.46,2.3,-0.7,-0.34
0.74,0.81,-3.85,-1.04,-0.78,2.03,-1.19,-0.63
0.68,0.9,-3.54,-0.8,-0.7,2.04,-0.9,-0.6
0.53,0.69,-3.99,-1.07,-0.46,2.46,-1.27,-0.25
0.46,0.51,-4.89,-1.68,-0.11,3.1,-1.98,0.19
0.48,0.84,-3.45,-0.66,-0.47,2.32,-0.8,-0.34
0.34,0.59,-4.16,-1.1,-0.04,3.01,-1.35,0.21
0.56,0.87,-3.47,-0.71,-0.57,2.19,-0.83,-0.45
0.42,0.73,-3.69,-0.81,-0.33,2.55,-0.99,-0.15
0.75,0.92,-3.57,-0.84,-0.78,0.75,-0.94,-0.68
0.55,0.9,-3.39,-0.65,-0.56,2.18,-0.76,-0.45
0.37,0.92,-3.16,-0.43,-0.37,2.36,-0.53,-0.27
0.5,0.96,-3.23,-0.53,-0.5,0.38,-0.61,-0.42
0.36,0.5,-4.77,-1.54,0.11,3.34,-1.84,0.41
0.62,0.86,-3.56,-0.79,-0.64,2.13,-0.92,-0.51
0.47,0.77,-3.63,-0.79,-0.43,2.41,-0.95,-0.26
0.77,0.93,-3.57,-0.85,-0.8,0.73,-0.94,-0.7
0.93,0.95,-3.7,-0.99,-0.96,0.54,-1.07,-0.88
0.74,0.84,-3.76,-0.97,-0.78,2.01,-1.11,-0.65
0.76,0.89,-3.65,-0.9,-0.8,1.95,-1.02,-0.68
0.63,0.7,-4.09,-1.18,-0.61,2.3,-1.38,-0.41
0.72,0.87,-3.65,-0.89,-0.75,2.01,-1.01,-0.63
0.38,0.77,-3.51,-0.67,-0.31,2.53,-0.83,-0.14
0.82,0.84,-3.85,-1.07,-0.87,1.91,-1.2,-0.74
0.61,0.78,-3.78,-0.94,-0.61,2.22,-1.11,-0.45
0.35,0.69,-3.73,-0.81,-0.19,2.72,-1.01,0.01
0.47,0.79,-3.57,-0.74,-0.44,2.39,-0.9,-0.28
0.52,0.61,-4.35,-1.33,-0.37,2.65,-1.56,-0.14
0.72,0.87,-3.65,-0.89,-0.75,2.01,-1.01,-0.63
0.71,0.73,-4.08,-1.21,-0.73,2.15,-1.39,-0.55
0.96,0.99,-3.64,-0.97,-0.96,0.72,-1.03,-0.9
0.73,0.79,-3.9,-1.07,-0.77,2.06,-1.23,-0.61
0.91,0.97,-3.63,-0.94,-0.93,0.54,-1.01,-0.85
0.85,0.96,-3.59,-0.89,-0.87,0.63,-0.97,-0.79
0.49,0.61,-4.3,-1.28,-0.32,2.7,-1.51,-0.09
0.8,0.82,-3.89,-1.09,-0.85,1.95,-1.24,-0.71
0.88,0.9,-3.76,-1.02,-0.93,1.81,-1.12,-0.82
0.37,0.65,-3.92,-0.95,-0.18,2.79,-1.17,0.04
0.97,0.99,-3.65,-0.98,-0.97,0.73,-1.03,-0.91
0.84,0.88,-3.77,-1.01,-0.89,1.87,-1.13,-0.77
0.54,0.93,-3.32,-0.6,-0.55,0.53,-0.7,-0.46
0.61,0.68,-4.15,-1.22,-0.57,2.36,-1.42,-0.36
0.46,0.85,-3.4,-0.62,-0.45,2.33,-0.76,-0.32
0.41,0.51,-4.79,-1.59,-0.01,3.19,-1.88,0.28
0.54,0.7,-3.96,-1.06,-0.48,2.43,-1.25,-0.28
0.97,1.0,-3.63,-0.97,-0.96,0.96,-1.02,-0.9
0.64,0.84,-3.64,-0.85,-0.66,2.12,-0.99,-0.53
0.51,0.85,-3.46,-0.68,-0.51,2.27,-0.82,-0.37
0.96,0.99,-3.64,-0.97,-0.96,0.72,-1.03,-0.9
0.44,0.74,-3.68,-0.81,-0.37,2.5,-0.99,-0.19
0.75,1.0,-3.41,0.74,3.59,3.9,-0.8,-0.69
0.68,0.82,-3.74,-0.94,-0.71,2.09,-1.09,-0.56
0.38,0.92,-3.17,-0.44,-0.38,2.35,-0.54,-0.28
0.88,0.98,-3.58,-0.9,-0.89,0.52,-0.97,-0.82
0.82,0.94,-3.6,-0.89,-0.85,0.75,-0.98,-0.76
0.78,0.84,-3.81,-1.02,-0.83,1.96,-1.15,-0.69
0.9,0.94,-3.69,-0.97,-0.93,0.65,-1.07,-0.84
0.85,0.87,-3.8,-1.04,-0.9,1.86,-1.16,-0.78
0.93,0.98,-3.63,-0.95,-0.94,0.55,-1.02,-0.87
0.7,0.91,-3.54,-0.8,-0.73,2.01,-0.91,-0.62
0.44,0.95,-3.18,-0.47,-0.44,0.41,-0.56,-0.36
0.99,1.0,-3.65,-0.99,-0.98,0.98,-1.04,-0.92
0.52,0.86,-3.45,-0.68,-0.52,2.25,-0.81,-0.39
0.53,0.63,-4.26,-1.27,-0.4,2.59,-1.5,-0.17
0.5,0.52,-4.89,-1.71,-0.21,2.98,-2.0,0.08
0.6,0.72,-3.97,-1.08,-0.57,2.31,-1.26,-0.39
0.51,0.64,-4.18,-1.2,-0.38,2.6,-1.43,-0.16
0.92,0.98,-3.62,-0.94,-0.93,0.55,-1.01,-0.86
0.89,0.97,-3.61,-0.92,-0.91,0.52,-0.99,-0.83
0.53,0.92,-3.33,-0.6,-0.54,2.19,-0.7,-0.44
0.66,0.94,-3.43,-0.72,-0.68,0.63,-0.81,-0.59
0.55,0.68,-4.06,-1.13,-0.48,2.45,-1.33,-0.27
0.68,0.82,-3.74,-0.94,-0.71,2.09,-1.09,-0.56
0.86,0.87,-3.82,-1.05,-0.91,1.85,-1.17,-0.79
0.64,0.65,-4.33,-1.37,-0.59,2.37,-1.59,-0.37
0.92,0.95,-3.68,-0.98,-0.95,0.54,-1.06,-0.87
0.6,0.81,-3.67,-0.87,-0.61,2.2,-1.01,-0.46
0.5,0.78,-3.63,-0.8,-0.47,2.36,-0.97,-0.31
0.85,0.96,-3.59,-0.89,-0.87,0.63,-0.97,-0.79
0.55,0.88,-3.44,-0.68,-0.56,2.2,-0.8,-0.44
0.61,0.95,-3.36,-0.65,-0.62,0.46,-0.74,-0.54
0.54,0.9,-3.38,-0.64,-0.55,2.19,-0.75,-0.44
0.76,0.83,-3.81,-1.02,-0.8,1.99,-1.16,-0.67
0.67,0.77,-3.89,-1.05,-0.69,2.15,-1.21,-0.52
0.5,0.84,-3.47,-0.69,-0.49,2.29,-0.82,-0.36
0.43,0.74,-3.67,-0.8,-0.35,2.51,-0.98,-0.17
0.84,0.94,-3.62,-0.91,-0.87,0.71,-1.0,-0.78
0.46,0.59,-4.36,-1.31,-0.24,2.81,-1.56,0.01
0.4,0.53,-4.63,-1.47,-0.03,3.13,-1.74,0.24
0.4,0.83,-3.38,-0.58,-0.37,2.42,-0.72,-0.23
0.33,0.94,-3.08,-0.37,-0.33,0.32,-0.46,-0.23
0.37,0.71,-3.68,-0.79,-0.24,2.65,-0.98,-0.06
0.81,0.89,-3.71,-0.96,-0.85,1.9,-1.07,-0.74
0.58,0.68,-4.1,-1.17,-0.52,2.41,-1.38,-0.32
0.86,0.91,-3.71,-0.98,-0.9,0.86,-1.08,-0.8
0.99,1.0,-3.65,-0.99,-0.98,0.98,-1.04,-0.92
0.38,0.4,-5.8,-2.26,0.37,3.91,-2.63,0.75
0.42,0.88,-3.29,-0.53,-0.41,2.34,-0.65,-0.29
0.36,0.45,-5.2,-1.84,0.25,3.61,-2.17,0.58
0.92,0.98,-3.62,-0.94,-0.93,0.55,-1.01,-0.86
0.35,0.82,-3.34,-0.54,-0.3,2.5,-0.69,-0.16
0.73,0.96,-3.47,-0.77,-0.74,0.43,-0.85,-0.66
0.38,0.93,-3.15,-0.43,-0.38,2.34,-0.53,-0.28
0.75,0.78,-3.95,-1.12,-0.79,2.04,-1.29,-0.63
0.68,0.77,-3.9,-1.06,-0.7,2.14,-1.22,-0.53
0.8,0.89,-3.7,-0.95,-0.84,1.91,-1.06,-0.73
0.8,0.94,-3.58,-0.87,-0.83,0.68,-0.96,-0.73
0.68,0.83,-3.71,-0.92,-0.71,2.09,-1.06,-0.57
0.71,0.76,-3.97,-1.12,-0.74,2.11,-1.29,-0.57
0.91,0.96,-3.65,-0.95,-0.93,0.67,-1.03,-0.85
0.42,0.64,-4.04,-1.06,-0.24,2.74,-1.29,-0.02
0.52,0.67,-4.06,-1.12,-0.42,2.52,-1.32,-0.22
0.53,0.58,-4.54,-1.47,-0.35,2.72,-1.72,-0.09
0.92,0.93,-3.73,-1.01,-0.96,0.84,-1.1,-0.86
0.98,0.99,-3.66,-0.99,-0.98,0.74,-1.05,-0.92
0.78,0.94,-3.56,-0.85,-0.8,0.66,-0.94,-0.71
0.54,0.57,-4.62,-1.53,-0.35,2.73,-1.79,-0.09
0.85,0.88,-3.78,-1.02,-0.9,1.86,-1.14,-0.78
0.57,0.93,-3.35,-0.63,-0.58,2.14,-0.73,-0.49
0.68,0.75,-3.97,-1.11,-0.69,2.16,-1.28,-0.52
0.72,0.9,-3.58,-0.84,-0.75,1.99,-0.95,-0.64
0.94,0.96,-3.68,-0.99,-0.96,0.69,-1.07,-0.88
0.41,0.8,-3.46,-0.65,-0.37,2.45,-0.8,-0.22
0.37,0.9,-3.19,-0.45,-0.36,2.38,-0.56,-0.25
0.73,0.75,-4.03,-1.18,-0.76,2.1,-1.35,-0.59
0.88,0.93,-3.69,-0.97,-0.92,0.8,-1.06,-0.82
0.64,0.99,-3.32,0.38,0.46,0.48,-0.7,-0.58
0.91,0.95,-3.67,-0.97,-0.94,0.53,-1.05,-0.85
0.4,0.5,-4.85,-1.62,0.03,3.26,-1.92,0.33
0.72,0.88,-3.63,-0.87,-0.75,2.0,-0.99,-0.63
0.59,0.74,-3.88,-1.02,-0.57,2.3,-1.2,-0.39
0.75,0.79,-3.92,-1.1,-0.79,2.03,-1.26,-0.63
0.58,0.81,-3.65,-0.84,-0.58,2.23,-0.99,-0.43
0.35,0.75,-3.53,-0.67,-0.25,2.6,-0.85,-0.08
0.62,0.74,-3.92,-1.06,-0.61,2.26,-1.24,-0.43
0.68,0.92,-3.49,-0.77,-0.7,2.03,-0.86,-0.61
0.74,0.87,-3.68,-0.92,-0.78,1.99,-1.03,-0.66
0.78,0.87,-3.72,-0.96,-0.82,1.94,-1.08,-0.7
0.41,0.84,-3.36,-0.58,-0.39,2.4,-0.71,-0.25
0.38,0.5,-4.81,-1.58,0.07,3.3,-1.88,0.37
0.94,0.95,-3.71,-1.0,-0.97,0.72,-1.08,-0.89
0.45,0.84,-3.41,-0.63,-0.43,2.35,-0.76,-0.3
0.95,0.99,-3.63,-0.96,-0.95,0.72,-1.01,-0.89
0.37,0.46,-5.13,-1.79,0.2,3.53,-2.11,0.52
0.86,0.94,-3.64,-0.93,-0.89,0.73,-1.02,-0.8
0.43,1.0,-3.09,-0.43,-0.42,0.43,-0.48,-0.36
0.97,1.0,-3.63,-0.97,-0.96,0.96,-1.02,-0.9
0.98,0.99,-3.66,-0.99,-0.98,0.74,-1.05,-0.92
0.48,0.69,-3.92,-1.0,-0.38,2.54,-1.2,-0.18
0.59,0.68,-4.12,-1.19,-0.54,2.39,-1.39,-0.33
0.36,0.63,-3.99,-1.0,-0.13,2.86,-1.23,0.1
0.44,0.77,-3.59,-0.75,-0.39,2.45,-0.91,-0.22
0.49,0.55,-4.66,-1.54,-0.24,2.89,-1.8,0.03
0.48,0.96,-3.2,-0.51,-0.48,0.37,-0.59,-0.4
0.64,0.75,-3.91,-1.06,-0.64,2.22,-1.23,-0.47
0.73,0.89,-3.62,-0.87,-0.76,1.99,-0.98,-0.65
0.39,0.82,-3.39,-0.59,-0.35,2.45,-0.74,-0.21
0.82,0.98,-3.52,-0.84,-0.83,0.49,-0.9,-0.76
0.82,0.88,-3.74,-0.99,-0.87,1.89,-1.11,-0.75
0.93,0.96,-3.67,-0.97,-0.95,0.68,-1.06,-0.87
0.69,0.85,-3.67,-0.89,-0.72,2.06,-1.03,-0.59
0.83,0.91,-3.68,-0.95,-0.87,1.87,-1.05,-0.76
0.52,0.67,-4.06,-1.12,-0.42,2.52,-1.32,-0.22
0.63,0.91,-3.46,-0.73,-0.65,2.09,-0.83,-0.54
0.42,0.47,-5.14,-1.84,0.06,3.37,-2.15,0.38
0.68,0.72,-4.08,-1.19,-0.68,2.2,-1.38,-0.5
0.82,0.91,-3.67,-0.93,-0.86,1.88,-1.04,-0.75
0.47,0.9,-3.3,-0.56,-0.47,2.27,-0.67,-0.36
0.79,0.89,-3.68,-0.94,-0.83,1.92,-1.05,-0.72
0.5,0.69,-3.95,-1.03,-0.41,2.51,-1.23,-0.21
0.49,0.91,-3.31,-0.57,-0.49,2.24,-0.68,-0.39
0.99,1.0,-3.65,-0.99,-0.98,0.98,-1.04,-0.92
0.84,0.93,-3.64,-0.92,-0.87,0.77,-1.02,-0.78
0.45,0.51,-4.87,-1.66,-0.09,3.11,-1.96,0.21
0.75,0.88,-3.66,-0.91,-0.79,1.97,-1.03,-0.67
0.44,0.54,-4.63,-1.49,-0.13,3.01,-1.76,0.14
0.55,0.6,-4.45,-1.42,-0.41,2.63,-1.66,-0.17
0.84,0.92,-3.67,-0.94,-0.88,0.81,-1.03,-0.78
0.9,0.98,-3.6,-0.92,-0.91,0.53,-0.99,-0.84
0.85,0.91,-3.7,-0.97,-0.89,1.84,-1.07,-0.78
0.55,0.76,-3.76,-0.91,-0.52,2.32,-1.08,-0.36
0.9,0.96,-3.64,-0.94,-0.92,0.66,-1.02,-0.84
0.36,0.5,-4.77,-1.54,0.11,3.34,-1.84,0.41
0.36,0.81,-3.38,-0.57,-0.31,2.5,-0.72,-0.16
0.87,0.94,-3.65,-0.94,-0.9,0.63,-1.03,-0.81
0.66,0.69,-4.18,-1.26,-0.64,2.27,-1.46,-0.44
0.93,1.0,-3.59,-0.93,-0.92,0.92,-0.98,-0.86
0.5,0.56,-4.61,-1.51,-0.27,2.83,-1.77,-0.01
0.67,0.81,-3.76,-0.95,-0.69,2.11,-1.1,-0.54
0.64,0.97,-3.35,-0.66,-0.65,0.47,-0.73,-0.58
0.56,0.67,-4.12,-1.18,-0.48,2.46,-1.38,-0.28
0.45,0.86,-3.37,-0.6,-0.44,2.33,-0.72,-0.31
0.67,1.0,-3.33,-0.67,-0.66,0.66,-0.72,-0.6
0.33,0.66,-3.81,-0.86,-0.13,2.82,-1.07,0.08
0.51,0.92,-3.31,-0.58,-0.52,2.21,-0.68,-0.42
0.76,0.88,-3.67,-0.92,-0.8,1.96,-1.04,-0.68
0.41,0.45,-5.31,-1.95,0.14,3.5,-2.28,0.47
0.75,0.92,-3.57,-0.84,-0.78,0.75,-0.94,-0.68
0.49,0.67,-4.01,-1.07,-0.38,2.56,-1.28,-0.17
0.7,0.98,-3.4,0.42,0.49,0.52,-0.78,-0.64
0.9,0.93,-3.71,-0.99,-0.94,0.76,-1.08,-0.84
0.5,0.62,-4.26,-1.26,-0.35,2.66,-1.49,-0.11
0.77,0.97,-3.49,-0.8,-0.78,0.45,-0.87,-0.71
0.58,0.82,-3.62,-0.82,-0.58,2.22,-0.97,-0.44
0.91,0.92,-3.74,-1.02,-0.95,0.86,-1.11,-0.86
0.43,0.65,-4.01,-1.04,-0.27,2.7,-1.26,-0.05
0.49,0.66,-4.06,-1.1,-0.37,2.58,-1.32,-0.16
0.95,1.0,-3.61,0.94,4.61,5.02,-1.0,-0.89
0.96,1.0,-3.62,-0.96,-0.95,0.95,-1.01,-0.89
0.93,0.99,-3.61,-0.94,-0.93,0.7,-0.99,-0.87
0.5,0.52,-4.89,-1.71,-0.21,2.98,-2.0,0.08
0.78,0.91,-3.62,-0.89,-0.81,1.92,-1.0,-0.71
0.59,0.81,-3.66,-0.85,-0.59,2.21,-1.0,-0.45
0.79,0.97,-3.51,-0.82,-0.8,0.47,-0.89,-0.73
0.87,1.0,-3.53,0.86,4.2,4.57,-0.92,-0.81
0.54,0.85,-3.49,-0.72,-0.54,2.23,-0.85,-0.41
0.69,0.93,-3.48,-0.76,-0.71,0.67,-0.86,-0.62
0.85,0.92,-3.68,-0.95,-0.89,0.81,-1.04,-0.79
0.58,0.71,-3.98,-1.08,-0.54,2.36,-1.27,-0.35
0.82,0.91,-3.67,-0.93,-0.86,1.88,-1.04,-0.75
0.91,0.92,-3.74,-1.02,-0.95,0.86,-1.11,-0.86
0.7,0.94,-3.47,-0.76,-0.72,0.64,-0.85,-0.63
0.88,1.0,-3.54,0.87,4.25,4.63,-0.93,-0.82
0.77,0.86,-3.74,-0.97,-0.81,1.96,-1.1,-0.68
0.6,0.69,-4.09,-1.17,-0.56,2.36,-1.37,-0.35
0.42,0.6,-4.24,-1.2,-0.19,2.85,-1.44,0.05
0.43,0.82,-3.44,-0.64,-0.4,2.4,-0.78,-0.26
0.77,0.85,-3.77,-0.99,-0.81,1.96,-1.12,-0.68
0.75,0.88,-3.66,-0.91,-0.79,1.97,-1.03,-0.67
0.95,1.0,-3.61,0.94,4.61,5.02,-1.0,-0.89
0.49,0.74,-3.75,-0.88,-0.43,2.43,-1.06,-0.25
0.97,1.0,-3.63,-0.97,-0.96,0.96,-1.02,-0.9
0.72,0.82,-3.79,-0.99,-0.75,2.04,-1.14,-0.61
0.6,0.91,-3.43,-0.69,-0.62,2.12,-0.8,-0.51
0.96,0.98,-3.66,-0.98,-0.97,0.57,-1.05,-0.9
0.52,0.63,-4.24,-1.25,-0.39,2.6,-1.48,-0.16
0.61,0.89,-3.48,-0.73,-0.63,2.12,-0.85,-0.51
0.75,0.99,-3.43,0.45,0.54,0.56,-0.81,-0.69
0.93,0.94,-3.72,-1.0,-0.96,0.79,-1.1,-0.87
0.84,0.92,-3.67,-0.94,-0.88,0.81,-1.03,-0.78
0.58,1.0,-5.92,-5.91,-3.24,0.57,-0.62,-0.51
0.85,0.94,-3.63,-0.92,-0.88,0.72,-1.01,-0.79
0.76,0.89,-3.65,-0.9,-0.8,1.95,-1.02,-0.68
0.89,0.9,-3.77,-1.03,-0.94,1.8,-1.14,-0.83
0.44,0.58,-4.38,-1.31,-0.19,2.87,-1.57,0.06
0.69,0.82,-3.75,-0.96,-0.72,2.08,-1.1,-0.57
0.41,0.69,-3.81,-0.9,-0.28,2.64,-1.1,-0.08
0.59,0.69,-4.08,-1.16,-0.54,2.38,-1.36,-0.34
0.6,0.89,-3.47,-0.72,-0.62,2.13,-0.84,-0.5
0.74,0.92,-3.56,-0.83,-0.77,0.75,-0.93,-0.67
0.36,0.55,-4.42,-1.3,-0.0,3.12,-1.56,0.27
0.85,0.89,-3.75,-1.0,-0.9,1.85,-1.12,-0.78
0.52,0.57,-4.58,-1.5,-0.32,2.77,-1.75,-0.06
0.78,0.88,-3.7,-0.94,-0.82,1.93,-1.06,-0.7
0.84,0.88,-3.77,-1.01,-0.89,1.87,-1.13,-0.77
0.44,0.59,-4.32,-1.27,-0.21,2.84,-1.52,0.04
0.72,0.8,-3.85,-1.04,-0.75,2.06,-1.18,-0.61
0.46,0.57,-4.48,-1.39,-0.21,2.87,-1.65,0.05
0.35,0.64,-3.93,-0.95,-0.13,2.85,-1.18,0.09
0.95,0.96,-3.69,-1.0,-0.97,0.7,-1.08,-0.89
0.73,0.87,-3.67,-0.9,-0.76,2.0,-1.02,-0.64
0.92,0.93,-3.73,-1.01,-0.96,0.84,-1.1,-0.86
0.88,0.99,-3.56,-0.89,-0.88,0.66,-0.94,-0.82
0.58,0.82,-3.62,-0.82,-0.58,2.22,-0.97,-0.44
0.7,0.82,-3.77,-0.97,-0.73,2.07,-1.11,-0.58
0.98,1.0,-3.64,-0.98,-0.97,0.97,-1.03,-0.91
0.42,0.56,-4.47,-1.36,-0.13,2.98,-1.63,0.14
0.88,0.92,-3.71,-0.98,-0.92,0.84,-1.08,-0.82
0.47,0.73,-3.75,-0.88,-0.4,2.48,-1.06,-0.22
0.57,0.67,-4.13,-1.19,-0.5,2.44,-1.4,-0.3
0.46,0.69,-3.89,-0.97,-0.35,2.56,-1.17,-0.15
0.84,0.97,-3.56,-0.87,-0.85,0.5,-0.94,-0.78
0.42,0.96,-3.14,-0.44,-0.42,0.39,-0.53,-0.34
0.84,0.87,-3.79,-1.03,-0.89,1.87,-1.15,-0.77
0.85,0.91,-3.7,-0.97,-0.89,1.84,-1.07,-0.78
0.34,0.59,-4.16,-1.1,-0.04,3.01,-1.35,0.21
0.55,1.0,-3.21,-0.55,-0.54,0.54,-0.6,-0.48
0.46,0.68,-3.93,-1.0,-0.34,2.58,-1.2,-0.14
0.42,1.0,-3.08,-0.42,-0.41,0.42,-0.47,-0.35
0.41,0.96,-3.13,-0.43,-0.41,0.38,-0.51,-0.33
0.33,0.55,-4.37,-1.24,0.05,3.18,-1.51,0.32
0.43,0.93,-3.2,-0.48,-0.43,2.29,-0.58,-0.34
0.35,0.48,-4.91,-1.63,0.18,3.46,-1.94,0.5
0.99,1.0,-3.65,-0.99,-0.98,0.98,-1.04,-0.92
0.89,0.92,-3.72,-0.99,-0.93,0.85,-1.09,-0.84
0.77,0.98,-3.47,0.46,0.54,0.57,-0.85,-0.71
0.78,0.89,-3.67,-0.92,-0.82,1.93,-1.04,-0.7
0.39,0.79,-3.47,-0.64,-0.33,2.49,-0.8,-0.18
0.49,0.62,-4.25,-1.24,-0.33,2.68,-1.47,-0.1
0.8,0.88,-3.72,-0.97,-0.84,1.91,-1.08,-0.72
0.39,0.64,-3.99,-1.01,-0.19,2.78,-1.24,0.03
0.73,0.99,-3.41,0.44,0.52,0.55,-0.79,-0.67
0.4,0.41,-5.73,-2.23,0.29,3.79,-2.59,0.66
0.9,0.94,-3.69,-0.97,-0.93,0.65,-1.07,-0.84
0.5,0.77,-3.66,-0.82,-0.46,2.38,-0.99,-0.3
0.42,0.83,-3.4,-0.61,-0.39,2.4,-0.75,-0.26
0.47,0.58,-4.43,-1.37,-0.25,2.82,-1.62,0.01
0.74,1.0,-3.4,0.73,3.54,3.85,-0.79,-0.68
0.39,0.4,-5.83,-2.29,0.35,3.89,-2.66,0.73
0.5,0.77,-3.66,-0.82,-0.46,2.38,-0.99,-0.3
0.55,0.66,-4.15,-1.19,-0.46,2.49,-1.4,-0.25
0.54,0.61,-4.38,-1.36,-0.4,2.62,-1.59,-0.17
0.37,0.67,-3.83,-0.89,-0.2,2.74,-1.1,-0.0
0.52,0.53,-4.85,-1.69,-0.26,2.9,-1.97,0.02
0.82,0.85,-3.82,-1.05,-0.87,1.9,-1.18,-0.74
0.56,0.65,-4.21,-1.24,-0.47,2.5,-1.46,-0.25
0.69,0.87,-3.62,-0.86,-0.72,2.04,-0.98,-0.6
0.56,0.79,-3.68,-0.86,-0.55,2.27,-1.02,-0.39
0.5,0.63,-4.21,-1.22,-0.36,2.64,-1.45,-0.13
0.43,0.6,-4.25,-1.22,-0.21,2.83,-1.46,0.03
0.56,0.85,-3.52,-0.74,-0.57,2.21,-0.87,-0.43
0.42,0.9,-3.25,-0.51,-0.42,2.33,-0.61,-0.31
0.77,0.82,-3.85,-1.05,-0.82,1.98,-1.2,-0.67
0.79,0.94,-3.57,-0.86,-0.81,0.67,-0.95,-0.72
0.8,0.94,-3.58,-0.87,-0.83,0.68,-0.96,-0.73
0.99,1.0,-3.65,-0.99,-0.98,0.98,-1.04,-0.92
0.89,0.99,-3.57,-0.9,-0.89,0.67,-0.95,-0.83
0.66,0.96,-3.39,-0.69,-0.67,0.32,-0.77,-0.59
0.39,1.0,-3.05,-0.39,-0.38,0.39,-0.44,-0.32
0.33,0.45,-5.13,-1.77,0.31,3.68,-2.1,0.65
0.94,1.0,-3.6,0.93,4.55,4.99,-0.99,-0.88
0.62,0.9,-3.47,-0.73,-0.64,2.1,-0.84,-0.53
0.88,1.0,-3.54,0.87,4.25,4.63,-0.93,-0.82
0.95,1.0,-3.61,0.94,4.61,5.02,-1.0,-0.89
0.46,0.87,-3.36,-0.59,-0.45,2.31,-0.71,-0.33
0.88,1.0,-3.54,0.87,4.25,4.63,-0.93,-0.82
0.61,0.95,-3.36,-0.65,-0.62,0.46,-0.74,-0.54
0.49,0.8,-3.56,-0.75,-0.47,2.35,-0.9,-0.32
0.63,0.73,-3.97,-1.1,-0.62,2.26,-1.28,-0.44
0.95,0.99,-3.63,-0.96,-0.95,0.72,-1.01,-0.89
0.97,0.99,-3.65,-0.98,-0.97,0.73,-1.03,-0.91
0.62,0.74,-3.92,-1.06,-0.61,2.26,-1.24,-0.43
0.7,0.76,-3.96,-1.11,-0.72,2.13,-1.27,-0.56
0.74,0.84,-3.76,-0.97,-0.78,2.01,-1.11,-0.65
0.86,0.91,-3.71,-0.98,-0.9,0.86,-1.08,-0.8
0.8,0.93,-3.6,-0.88,-0.83,0.73,-0.98,-0.73
0.8,0.85,-3.8,-1.02,-0.85,1.93,-1.16,-0.72
0.63,0.98,-3.33,-0.64,-0.63,0.37,-0.71,-0.56
0.37,0.72,-3.65,-0.76,-0.25,2.63,-0.95,-0.07
0.5,0.88,-3.38,-0.62,-0.5,2.25,-0.74,-0.38
0.57,0.76,-3.79,-0.94,-0.55,2.3,-1.1,-0.39
0.53,0.64,-4.21,-1.23,-0.41,2.56,-1.46,-0.19
0.57,0.76,-3.79,-0.94,-0.55,2.3,-1.1,-0.39
0.9,0.95,-3.66,-0.96,-0.93,0.52,-1.04,-0.84
0.95,0.97,-3.67,-0.98,-0.97,0.56,-1.05,-0.9
0.56,1.0,-3.22,-0.56,-0.55,0.55,-0.61,-0.49
0.53,0.74,-3.8,-0.93,-0.49,2.38,-1.11,-0.31
0.38,0.45,-5.25,-1.88,0.2,3.57,-2.21,0.53
0.44,0.71,-3.78,-0.89,-0.34,2.55,-1.07,-0.15
0.33,0.96,-3.05,-0.35,-0.33,0.31,-0.43,-0.25
0.65,0.71,-4.08,-1.18,-0.64,2.26,-1.37,-0.45
0.51,0.71,-3.88,-0.99,-0.44,2.46,-1.17,-0.25
0.67,0.96,-3.4,-0.7,-0.68,0.49,-0.78,-0.6
0.79,0.83,-3.85,-1.05,-0.84,1.95,-1.19,-0.71
0.89,0.93,-3.7,-0.98,-0.93,0.75,-1.07,-0.83
0.88,0.99,-3.56,-0.89,-0.88,0.66,-0.94,-0.82
0.42,0.68,-3.87,-0.94,-0.29,2.64,-1.14,-0.08
0.68,0.7,-4.16,-1.26,-0.68,2.23,-1.45,-0.48
0.48,0.72,-3.8,-0.92,-0.41,2.48,-1.1,-0.22
0.99,1.0,-3.65,-0.99,-0.98,0.98,-1.04,-0.92
0.58,0.71,-3.98,-1.08,-0.54,2.36,-1.27,-0.35
0.5,0.6,-4.37,-1.33,-0.32,2.71,-1.58,-0.08
0.58,0.98,-3.27,-0.59,-0.58,0.35,-0.66,-0.51
0.66,0.94,-3.43,-0.72,-0.68,0.63,-0.81,-0.59
0.48,0.81,-3.52,-0.72,-0.46,2.35,-0.86,-0.31
0.62,0.86,-3.56,-0.79,-0.64,2.13,-0.92,-0.51
0.33,0.75,-3.5,-0.64,-0.23,2.63,-0.82,-0.05
0.48,0.54,-4.71,-1.57,-0.2,2.94,-1.83,0.07
0.63,0.85,-3.6,-0.82,-0.65,2.13,-0.96,-0.52
0.65,0.93,-3.44,-0.72,-0.67,0.64,-0.81,-0.57
0.38,0.83,-3.35,-0.56,-0.35,2.45,-0.7,-0.21
0.83,0.85,-3.84,-1.06,-0.88,1.89,-1.19,-0.75
0.52,0.74,-3.79,-0.92,-0.47,2.39,-1.1,-0.29
0.69,0.72,-4.1,-1.21,-0.7,2.19,-1.39,-0.52
0.98,0.99,-3.66,-0.99,-0.98,0.74,-1.05,-0.92
0.77,0.79,-3.95,-1.12,-0.82,2.01,-1.28,-0.66
0.78,0.94,-3.56,-0.85,-0.8,0.66,-0.94,-0.71
0.83,0.86,-3.81,-1.04,-0.88,1.89,-1.17,-0.75
0.76,0.78,-3.97,-1.14,-0.8,2.03,-1.3,-0.64
0.99,1.0,-3.65,-0.99,-0.98,0.98,-1.04,-0.92
0.4,0.55,-4.49,-1.37,-0.07,3.05,-1.64,0.19
0.99,1.0,-3.65,-0.99,-0.98,0.98,-1.04,-0.92
0.82,0.93,-3.62,-0.9,-0.85,0.74,-1.0,-0.76
0.59,0.78,-3.75,-0.92,-0.58,2.25,-1.08,-0.42
0.8,0.81,-3.92,-1.11,-0.85,1.95,-1.26,-0.71
0.83,0.91,-3.68,-0.95,-0.87,1.87,-1.05,-0.76
0.7,0.73,-4.07,-1.19,-0.71,2.16,-1.37,-0.53
0.95,1.0,-3.61,0.94,4.61,5.02,-1.0,-0.89
0.72,0.88,-3.63,-0.87,-0.75,2.0,-0.99,-0.63
0.72,0.89,-3.61,-0.86,-0.75,2.0,-0.97,-0.64
0.63,0.69,-4.13,-1.22,-0.6,2.32,-1.42,-0.4
0.72,0.82,-3.79,-0.99,-0.75,2.04,-1.14,-0.61
0.65,0.97,-3.36,-0.67,-0.66,0.48,-0.75,-0.59
0.62,0.83,-3.64,-0.85,-0.63,2.16,-0.99,-0.5
0.37,0.91,-3.17,-0.44,-0.36,2.37,-0.55,-0.26
0.47,0.7,-3.86,-0.96,-0.38,2.53,-1.15,-0.18
0.87,0.98,-3.57,-0.89,-0.88,0.52,-0.96,-0.81
0.49,0.63,-4.2,-1.21,-0.34,2.65,-1.43,-0.11
0.45,0.92,-3.24,-0.52,-0.45,2.28,-0.61,-0.36
0.38,0.66,-3.89,-0.94,-0.2,2.75,-1.15,-0.0
0.85,0.97,-3.57,-0.88,-0.86,0.5,-0.95,-0.79
0.82,0.92,-3.65,-0.92,-0.85,0.79,-1.01,-0.75
0.43,0.48,-5.08,-1.8,0.02,3.29,-2.11,0.33
0.75,0.98,-3.45,0.44,0.53,0.56,-0.83,-0.69
0.78,0.96,-3.52,-0.82,-0.8,0.57,-0.9,-0.72
0.51,0.87,-3.41,-0.65,-0.51,2.25,-0.77,-0.39
0.48,0.68,-3.96,-1.03,-0.37,2.56,-1.23,-0.17
0.55,0.62,-4.34,-1.34,-0.43,2.58,-1.57,-0.19
0.53,0.61,-4.36,-1.34,-0.38,2.64,-1.57,-0.15
0.91,0.93,-3.72,-1.0,-0.95,0.77,-1.09,-0.85
0.78,0.85,-3.78,-1.0,-0.82,1.95,-1.13,-0.69
0.34,0.92,-3.12,-0.4,-0.33,2.39,-0.5,-0.24
0.37,0.71,-3.68,-0.79,-0.24,2.65,-0.98,-0.06
0.88,0.93,-3.69,-0.97,-0.92,0.8,-1.06,-0.82
0.86,0.87,-3.82,-1.05,-0.91,1.85,-1.17,-0.79
0.61,0.93,-3.4,-0.68,-0.62,2.1,-0.77,-0.53
0.66,0.68,-4.22,-1.29,-0.64,2.29,-1.49,-0.44
0.66,0.9,-3.52,-0.77,-0.68,2.06,-0.88,-0.58
0.44,0.75,-3.65,-0.79,-0.37,2.48,-0.97,-0.2
0.99,1.0,-3.65,-0.99,-0.98,0.98,-1.04,-0.92
0.45,0.84,-3.41,-0.63,-0.43,2.35,-0.76,-0.3
0.67,0.93,-3.46,-0.74,-0.69,0.65,-0.84,-0.59
0.54,0.55,-4.75,-1.63,-0.33,2.79,-1.89,-0.06
0.58,0.88,-3.47,-0.72,-0.59,2.16,-0.83,-0.47
0.36,0.45,-5.2,-1.84,0.25,3.61,-2.17,0.58
0.72,0.88,-3.63,-0.87,-0.75,2.0,-0.99,-0.63
0.56,0.83,-3.57,-0.78,-0.56,2.23,-0.92,-0.43
0.87,0.98,-3.57,-0.89,-0.88,0.52,-0.96,-0.81
0.48,0.94,-3.24,-0.53,-0.49,0.47,-0.62,-0.39
0.56,0.84,-3.54,-0.76,-0.56,2.22,-0.89,-0.43
0.6,0.94,-3.37,-0.65,-0.61,0.58,-0.75,-0.52
0.74,0.87,-3.68,-0.92,-0.78,1.99,-1.03,-0.66
0.69,0.95,-3.44,-0.74,-0.71,0.59,-0.82,-0.62
0.55,0.66,-4.15,-1.19,-0.46,2.49,-1.4,-0.25
0.52,0.82,-3.55,-0.75,-0.51,2.29,-0.89,-0.37
0.73,0.77,-3.96,-1.12,-0.76,2.08,-1.29,-0.6
0.8,0.96,-3.54,-0.84,-0.82,0.59,-0.92,-0.74
0.58,0.78,-3.74,-0.91,-0.57,2.26,-1.07,-0.41
0.53,0.88,-3.41,-0.66,-0.54,2.22,-0.78,-0.42
0.74,0.93,-3.54,-0.82,-0.76,0.71,-0.91,-0.67
0.39,0.57,-4.35,-1.27,-0.09,2.99,-1.53,0.17
0.86,0.95,-3.62,-0.92,-0.88,0.63,-1.0,-0.8
0.77,0.92,-3.59,-0.86,-0.8,0.76,-0.96,-0.7
0.62,0.74,-3.92,-1.06,-0.61,2.26,-1.24,-0.43
0.5,0.53,-4.82,-1.65,-0.22,2.94,-1.93,0.06
0.67,0.79,-3.82,-1.0,-0.69,2.13,-1.16,-0.53
0.73,0.8,-3.86,-1.05,-0.77,2.05,-1.2,-0.62
0.74,0.98,-3.44,0.44,0.52,0.55,-0.82,-0.68
0.94,0.98,-3.64,-0.96,-0.95,0.56,-1.03,-0.88
0.85,0.94,-3.63,-0.92,-0.88,0.72,-1.01,-0.79
0.5,0.96,-3.23,-0.53,-0.5,0.38,-0.61,-0.42
0.57,0.87,-3.48,-0.72,-0.58,2.18,-0.84,-0.46
0.56,0.8,-3.65,-0.84,-0.55,2.26,-0.98,-0.41
0.37,0.59,-4.21,-1.15,-0.09,2.96,-1.4,0.16
0.52,0.97,-3.23,-0.54,-0.52,0.39,-0.61,-0.45
0.76,0.98,-3.46,0.45,0.54,0.57,-0.84,-0.7
0.75,0.83,-3.8,-1.01,-0.79,2.0,-1.14,-0.66
0.98,0.99,-3.66,-0.99,-0.98,0.74,-1.05,-0.92
0.63,0.72,-4.01,-1.13,-0.61,2.27,-1.31,-0.43
0.91,0.95,-3.67,-0.97,-0.94,0.53,-1.05,-0.85
0.59,0.72,-3.96,-1.07,-0.56,2.33,-1.25,-0.38
0.56,0.84,-3.54,-0.76,-0.56,2.22,-0.89,-0.43
0.33,0.63,-3.94,-0.95,-0.09,2.91,-1.18,0.14
0.34,0.43,-5.36,-1.93,0.36,3.79,-2.28,0.71
0.74,1.0,-3.4,0.73,3.54,3.85,-0.79,-0.68
0.61,0.89,-3.48,-0.73,-0.63,2.12,-0.85,-0.51